id	surface	upstream_path	test	status
B-4232eab2a6	CRATE-PI-OTHER	crates/pi-ast/src/block.rs	chain_names_rust_attribute_row	ok
B-6869be62d4	CRATE-PI-OTHER	crates/pi-ast/src/block.rs	chain_orders_enclosing_ends_innermost_first	ok
B-1ef2c5bcc5	CRATE-PI-OTHER	crates/pi-ast/src/block.rs	chain_names_ts_decorator_row	ok
B-f29ca52580	CRATE-PI-OTHER	crates/pi-ast/src/block.rs	chain_declines_blank_lines_and_unknown_languages	ok
B-37ef148040	CRATE-PI-OTHER	crates/pi-ast/src/block.rs	resolves_inner_if_block	ok
B-b0126c9616	CRATE-PI-OTHER	crates/pi-ast/src/block.rs	resolves_enclosing_function_block	ok
B-d9d1ecd70d	CRATE-PI-OTHER	crates/pi-ast/src/block.rs	lone_closing_brace_resolves_to_nothing	ok
B-66f83ead06	CRATE-PI-OTHER	crates/pi-ast/src/block.rs	blank_line_resolves_to_nothing	ok
B-f5b205f8ce	CRATE-PI-OTHER	crates/pi-ast/src/block.rs	out_of_range_line_resolves_to_nothing	ok
B-4067bce6c8	CRATE-PI-OTHER	crates/pi-ast/src/block.rs	unrecognized_extension_resolves_to_nothing	ok
B-149fb91a59	CRATE-PI-OTHER	crates/pi-ast/src/block.rs	resolves_zsh_if_block_in_extensionless_rc_file	ok
B-27e34c7f33	CRATE-PI-OTHER	crates/pi-ast/src/block.rs	resolves_top_level_python_def	ok
B-85493993bd	CRATE-PI-OTHER	crates/pi-ast/src/block.rs	resolves_inner_python_block	ok
B-395b736db1	CRATE-PI-OTHER	crates/pi-ast/src/block.rs	resolves_nested_block_to_outermost_on_line	ok
B-2e294e1412	CRATE-PI-OTHER	crates/pi-ast/src/block.rs	multi_statement_line_resolves_first_statement_node	ok
B-37e6f359d2	CRATE-PI-OTHER	crates/pi-ast/src/block.rs	continuation_line_resolves_to_nothing	ok
B-355f51b4d3	CRATE-PI-OTHER	crates/pi-ast/src/block.rs	error_subtree_resolves_to_nothing	ok
B-0764c59b82	CRATE-PI-OTHER	crates/pi-ast/src/block.rs	resolves_rust_struct_block	ok
B-d3191cd31b	CRATE-PI-OTHER	crates/pi-ast/src/block.rs	resolves_swift_computed_property_after_blank_line	ok
B-138530d9e2	CRATE-PI-OTHER	crates/pi-ast/src/block.rs	resolves_swift_top_level_decl_after_blank_line	ok
B-6f53818e6d	CRATE-PI-OTHER	crates/pi-ast/src/block.rs	resolves_emacs_lisp_defun_block	ok
B-d77862c317	CRATE-PI-OTHER	crates/pi-ast/src/block.rs	resolves_emacs_lisp_dot_emacs_block	ok
B-53a395e1ff	CRATE-PI-OTHER	crates/pi-ast/src/block.rs	resolves_emacs_lisp_macro_style_list_block	ok
B-be4eeb8d9e	CRATE-PI-OTHER	crates/pi-ast/src/block.rs	emacs_lisp_closing_paren_resolves_to_nothing	ok
B-b144429602	CRATE-PI-OTHER	crates/pi-ast/src/block.rs	emacs_lisp_visible_opener_surfaces_closer	ok
B-7a86d9a51b	CRATE-PI-OTHER	crates/pi-ast/src/block.rs	emacs_lisp_top_level_macro_forms_resolve_as_single_sexprs	ok
B-0521bb49ca	CRATE-PI-OTHER	crates/pi-ast/src/block.rs	resolves_emacs_lisp_explicit_language_block	ok
B-4e08fca2df	CRATE-PI-OTHER	crates/pi-ast/src/block.rs	surfaces_closing_brace_for_visible_opener	ok
B-4f32a6ca33	CRATE-PI-OTHER	crates/pi-ast/src/block.rs	surfaces_opening_brace_for_visible_closer	ok
B-c34a43289e	CRATE-PI-OTHER	crates/pi-ast/src/block.rs	interior_only_window_adds_no_boundary	ok
B-7b8e735869	CRATE-PI-OTHER	crates/pi-ast/src/block.rs	whole_file_window_adds_no_boundary	ok
B-123651bed9	CRATE-PI-OTHER	crates/pi-ast/src/block.rs	python_indentation_block_uses_syntactic_span	ok
B-6cdde991a3	CRATE-PI-OTHER	crates/pi-ast/src/block.rs	syntax_error_falls_back_to_none	ok
B-dd14266905	CRATE-PI-OTHER	crates/pi-ast/src/block.rs	unrecognized_language_falls_back_to_none	ok
B-7013247855	CRATE-PI-OTHER	crates/pi-ast/src/block.rs	resolves_markdown_h2_to_whole_section	ok
B-5e6997feb9	CRATE-PI-OTHER	crates/pi-ast/src/block.rs	resolves_markdown_h3_to_its_subsection	ok
B-b49fbf7c0f	CRATE-PI-OTHER	crates/pi-ast/src/block.rs	resolves_markdown_h1_to_whole_document_section	ok
B-8a3cd555a7	CRATE-PI-OTHER	crates/pi-ast/src/block.rs	markdown_blank_line_resolves_to_nothing	ok
B-f3d016c20e	CRATE-PI-OTHER	crates/pi-ast/src/block.rs	repeat_query_yields_identical_boundaries	ok
B-4c7200bfb3	CRATE-PI-OTHER	crates/pi-ast/src/block.rs	same_bytes_under_two_languages_do_not_share_a_tree	ok
B-adfbde3122	CRATE-PI-OTHER	crates/pi-ast/src/block.rs	single_byte_difference_yields_different_boundaries	ok
B-f0feacf13e	CRATE-PI-OTHER	crates/pi-ast/src/block.rs	syntax_error_stays_none_across_repeat_calls	ok
B-13254fba4c	CRATE-PI-OTHER	crates/pi-ast/src/block.rs	cached_error_tree_matches_uncached_verdicts_for_both_callers	ok
B-a778d4dac1	CRATE-PI-OTHER	crates/pi-ast/src/block.rs	keys_evicted_past_the_cache_bound_still_answer_correctly	ok
B-aa6bdcee53	CRATE-PI-OTHER	crates/pi-ast/src/block.rs	pruned_walk_matches_unpruned_on_repo_corpus_sample	ok
B-908149b4e0	CRATE-PI-OTHER	crates/pi-ast/src/block.rs	pruned_walk_matches_unpruned_on_full_repo_corpus	ignored-upstream
B-28b76b2c26	CRATE-PI-OTHER	crates/pi-ast/src/block.rs	pruned_walk_matches_unpruned_on_error_and_degenerate_inputs	ok
B-d7dee4d09a	CRATE-PI-OTHER	crates/pi-ast/src/block.rs	window_deep_inside_nesting_still_returns_the_whole_chain	ok
B-e6b951884f	CRATE-PI-OTHER	crates/pi-ast/src/block.rs	content_end_line_before_raw_end_is_still_surfaced	ok
B-942735a1d2	CRATE-PI-OTHER	crates/pi-ast/src/ops.rs	compile_search_patterns_compiles_rust_patterns	ok
B-229f54f9af	CRATE-PI-OTHER	crates/pi-ast/src/ops.rs	apply_edits_rejects_overlaps	ok
B-4338b31292	CRATE-PI-OTHER	crates/pi-ast/src/ops.rs	apply_edits_dedupes_identical_edits	ok
B-6e9c6f4656	CRATE-PI-OTHER	crates/pi-ast/src/parse_cache.rs	hit_returns_a_clone_of_the_stored_tree	ok
B-fc5d5c3160	CRATE-PI-OTHER	crates/pi-ast/src/parse_cache.rs	language_is_part_of_the_key	ok
B-5b8c97546d	CRATE-PI-OTHER	crates/pi-ast/src/parse_cache.rs	one_byte_of_difference_changes_the_key	ok
B-2ad011f6d3	CRATE-PI-OTHER	crates/pi-ast/src/parse_cache.rs	verified_equality_rejects_a_colliding_slot	ok
B-28323030a7	CRATE-PI-OTHER	crates/pi-ast/src/parse_cache.rs	entry_bound_evicts_least_recently_used	ok
B-4593a7b685	CRATE-PI-OTHER	crates/pi-ast/src/parse_cache.rs	byte_bound_evicts_and_reclaims_accounting	ok
B-b81e008931	CRATE-PI-OTHER	crates/pi-ast/src/parse_cache.rs	source_over_the_entry_bound_is_never_retained	ok
B-8aafc7f6a3	CRATE-PI-OTHER	crates/pi-ast/src/parse_cache.rs	reinsert_of_a_resident_key_does_not_double_count_bytes	ok
B-9d19dee100	CRATE-PI-OTHER	crates/pi-ast/src/parse_cache.rs	clear_empties_the_cache_but_keeps_its_bounds	ok
B-7bb7b141df	CRATE-PI-OTHER	crates/pi-ast/src/summary.rs	summarizes_typescript_function_body	ok
B-5a46f2cf03	CRATE-PI-OTHER	crates/pi-ast/src/summary.rs	summarizes_rust_method_body_but_keeps_impl_boundaries	ok
B-e5074ba86f	CRATE-PI-OTHER	crates/pi-ast/src/summary.rs	summarizes_python_function_body	ok
B-4bdc3c3c80	CRATE-PI-OTHER	crates/pi-ast/src/summary.rs	summarizes_fortran_program	ok
B-4652df97a4	CRATE-PI-OTHER	crates/pi-ast/src/summary.rs	summarizes_emacs_lisp_defun_body	ok
B-326100ef09	CRATE-PI-OTHER	crates/pi-ast/src/summary.rs	summarizes_emacs_lisp_special_form	ok
B-b76380398b	CRATE-PI-OTHER	crates/pi-ast/src/summary.rs	min_body_lines_controls_short_body_elision	ok
B-bb10797919	CRATE-PI-OTHER	crates/pi-ast/src/summary.rs	parse_failure_falls_back_to_unparsed	ok
B-b91e270660	CRATE-PI-OTHER	crates/pi-ast/src/summary.rs	unsupported_language_is_unparsed	ok
B-ae0ac87aec	CRATE-PI-OTHER	crates/pi-ast/src/summary.rs	summarizes_typescript_interface_body	ok
B-87a22739ab	CRATE-PI-OTHER	crates/pi-ast/src/summary.rs	summarizes_typescript_class_body	ok
B-cdf2501596	CRATE-PI-OTHER	crates/pi-ast/src/summary.rs	summarizes_rust_trait_declaration_list	ok
B-c12695f5b3	CRATE-PI-OTHER	crates/pi-ast/src/summary.rs	summarizes_java_class_body	ok
B-2417d89ff1	CRATE-PI-OTHER	crates/pi-ast/src/summary.rs	summarizes_typescript_import_run	ok
B-605144597f	CRATE-PI-OTHER	crates/pi-ast/src/summary.rs	does_not_elide_short_typescript_import_run	ok
B-a05322483c	CRATE-PI-OTHER	crates/pi-ast/src/summary.rs	summarizes_python_import_run	ok
B-de21476caf	CRATE-PI-OTHER	crates/pi-ast/src/summary.rs	summarizes_c_preproc_include_run	ok
B-1e30d92097	CRATE-PI-OTHER	crates/pi-ast/src/summary.rs	summarizes_rust_use_run	ok
B-522c294c52	CRATE-PI-OTHER	crates/pi-ast/src/summary.rs	bfs_unfold_reveals_nested_json_when_root_collapses	ok
B-76300d3a16	CRATE-PI-OTHER	crates/pi-ast/src/summary.rs	bfs_unfold_stops_when_visible_already_exceeds_target	ok
B-4592bb6e89	CRATE-PI-OTHER	crates/pi-ast/src/summary.rs	bfs_unfold_reverts_when_next_step_overflows_limit	ok
B-ff91c44f6f	CRATE-PI-OTHER	crates/pi-ast/src/summary.rs	bfs_unfold_skips_unfoldable_leaf_and_continues_to_siblings	ok
B-82f1f0e85e	CRATE-PI-EDIT	crates/pi-diff/src/lib.rs	line_diff_replaces_middle_line	ok
B-ac9a2ba1d1	CRATE-PI-EDIT	crates/pi-diff/src/lib.rs	line_diff_treats_missing_trailing_newline_as_distinct	ok
B-88dd13fe53	CRATE-PI-EDIT	crates/pi-diff/src/lib.rs	utf8_and_utf16_line_changes_agree_for_ascii	ok
B-a34ee2a2c0	CRATE-PI-EDIT	crates/pi-diff/src/lib.rs	common_runs_take_values_from_new_tokens	ok
B-91fa2916c2	CRATE-PI-EDIT	crates/pi-diff/src/lib.rs	structured_patch_marks_missing_eof_newline	ok
B-ae0c913dc9	CRATE-PI-EDIT	crates/pi-diff/src/lib.rs	word_diff_dedupes_boundary_whitespace	ok
B-29a5acfab7	CRATE-PI-EDIT	crates/pi-diff/src/lib.rs	line_runs_preserve_empty_lines	ok
B-0567513913	CRATE-PI-EDIT	crates/pi-diff/src/lib.rs	unpaired_surrogates_diff_as_distinct_content	ok
B-588ae0ef72	CRATE-PI-EDIT	crates/pi-diff/src/lib.rs	word_scan_keeps_lone_surrogate_before_astral_pair_separate	ok
B-b8c035550c	CRATE-PI-EDIT	crates/pi-edit/src/diff_string.rs	collapses_unchanged_lines_between_distant_edits	ok
B-a1e56e6630	CRATE-PI-EDIT	crates/pi-edit/src/diff_string.rs	adds_matching_bracket_line_beyond_context	ok
B-cad46a3a2e	CRATE-PI-EDIT	crates/pi-edit/src/diff_string.rs	normalizes_gap_rows_around_block_context	ok
B-1d351f65a6	CRATE-PI-EDIT	crates/pi-edit/src/diff_string.rs	drops_gap_between_contiguous_boundaries	ok
B-698d6f2325	CRATE-PI-EDIT	crates/pi-edit/src/diff_string.rs	translates_new_block_context_to_old_line_numbers	ok
B-bddcc0c99d	CRATE-PI-EDIT	crates/pi-edit/src/diff_string.rs	compact_preview_counts_and_renumbers	ok
B-126e980721	CRATE-PI-EDIT	crates/pi-edit/src/diff_string.rs	compact_preview_renumbers_after_range_expansion	ok
B-e142ca66d3	CRATE-PI-EDIT	crates/pi-edit/src/diff_string.rs	compact_preview_collapses_long_added_runs	ok
B-4f615712a9	CRATE-PI-EDIT	crates/pi-edit/src/diff_string.rs	compact_preview_honors_added_run_options	ok
B-d0140bfbcc	CRATE-PI-EDIT	crates/pi-edit/src/diff_string.rs	compact_preview_normalizes_separators	ok
B-51bfdb2efa	CRATE-PI-EDIT	crates/pi-edit/src/diff_string.rs	parses_simple_and_multiple_hunks	ok
B-61a4b806f6	CRATE-PI-EDIT	crates/pi-edit/src/diff_string.rs	parses_context_and_eof_markers	ok
B-6c74e9f279	CRATE-PI-EDIT	crates/pi-edit/src/diff_string.rs	parses_headers_hints_and_wrappers	ok
B-10f66067bf	CRATE-PI-EDIT	crates/pi-edit/src/diff_string.rs	normalizes_diff_and_create_content	ok
B-b984854c57	CRATE-PI-EDIT	crates/pi-edit/src/diff_string.rs	rejects_multi_file_diff	ok
B-a199a98b63	CRATE-PI-EDIT	crates/pi-edit/src/diff_string.rs	generates_numbered_unified_diff	ok
B-0b95991e08	CRATE-PI-EDIT	crates/pi-edit/src/fuzzy.rs	exact_match_and_multiple_occurrences	ok
B-70c3f6b88d	CRATE-PI-EDIT	crates/pi-edit/src/fuzzy.rs	tab_space_and_internal_whitespace_normalization	ok
B-5d55f7666c	CRATE-PI-EDIT	crates/pi-edit/src/fuzzy.rs	fallback_ignores_inconsistent_indentation	ok
B-583c922d5c	CRATE-PI-EDIT	crates/pi-edit/src/fuzzy.rs	single_line_trailing_space_and_empty_line_cases	ok
B-b5257096f4	CRATE-PI-EDIT	crates/pi-edit/src/fuzzy.rs	threshold_and_dominant_fuzzy_match	ok
B-2b585c6c3f	CRATE-PI-EDIT	crates/pi-edit/src/fuzzy.rs	excluded_ranges_hide_exact_and_fuzzy_candidates	ok
B-c3278e16b2	CRATE-PI-EDIT	crates/pi-edit/src/fuzzy.rs	sequence_matching_ladder	ok
B-8e5d826b96	CRATE-PI-EDIT	crates/pi-edit/src/fuzzy.rs	sequence_fuzzy_and_character_fallback	ok
B-10470491f0	CRATE-PI-EDIT	crates/pi-edit/src/fuzzy.rs	context_matching_ladder	ok
B-b0178b25a4	CRATE-PI-EDIT	crates/pi-edit/src/fuzzy.rs	match_error_matches_typescript_formatter	ok
B-ffd27a1775	CRATE-PI-EDIT	crates/pi-edit/src/fuzzy.rs	occurrence_error_includes_preview_limit_suffix	ok
B-858396ed86	CRATE-PI-EDIT	crates/pi-edit/src/fuzzy.rs	replace_text_adjusts_indentation	ok
B-20a6980ed6	CRATE-PI-EDIT	crates/pi-edit/src/fuzzy.rs	replace_text_all_exact_and_fuzzy	ok
B-07ecc70bd2	CRATE-PI-EDIT	crates/pi-edit/src/fuzzy.rs	replace_text_reports_ambiguity_and_normalizes_line_endings	ok
B-8e88ab3ea7	CRATE-PI-EDIT	crates/pi-edit/src/fuzzy.rs	empty_old_text_is_an_apply_error	ok
B-49f0a8bd27	CRATE-PI-EDIT	crates/pi-edit/src/modes/apply_patch.rs	parses_heredoc_wrapper	ok
B-f516207512	CRATE-PI-EDIT	crates/pi-edit/src/modes/apply_patch.rs	requires_envelope_markers	ok
B-a92804ad8c	CRATE-PI-EDIT	crates/pi-edit/src/modes/apply_patch.rs	summary_orders_operations	ok
B-9db77e50fd	CRATE-PI-EDIT	crates/pi-edit/src/modes/hashline/messages.rs	test_format_anchored_context	ok
B-48ff8d86d5	CRATE-PI-EDIT	crates/pi-edit/src/modes/hashline/messages.rs	test_invalid_absolute_range_message	ok
B-74a902a4a9	CRATE-PI-EDIT	crates/pi-edit/src/modes/hashline/messages.rs	test_empty_register_paste_warning	ok
B-e67d659140	CRATE-PI-EDIT	crates/pi-edit/src/modes/hashline/messages.rs	test_unseen_lines_message	ok
B-3926b8c575	CRATE-PI-EDIT	crates/pi-edit/src/modes/hashline/messages.rs	test_block_single_line_message	ok
B-796395f949	CRATE-PI-EDIT	crates/pi-edit/src/modes/hashline/messages.rs	test_boundary_warnings_and_json_quote	ok
B-68a6d6425e	CRATE-PI-EDIT	crates/pi-edit/src/modes/hashline/mod.rs	inspect_extracts_paths_and_added_lines_from_partial_input	ok
B-12d9519a62	CRATE-PI-EDIT	crates/pi-edit/src/modes/hashline/preview.rs	cursor_lines_are_one_indexed	ok
B-b4490abce4	CRATE-PI-EDIT	crates/pi-edit/src/modes/patch.rs	strips_create_prefixes	ok
B-626d5da0cd	CRATE-PI-EDIT	crates/pi-edit/src/modes/patch.rs	trailing_newline_policy_is_preserved	ok
B-5fe08bb642	CRATE-PI-EDIT	crates/pi-edit/src/modes/replace.rs	reports_path_qualified_occurrences	ok
B-d80f9fbd41	CRATE-PI-EDIT	crates/pi-edit/src/modes/replace.rs	reports_path_qualified_match_error	ok
B-b3bacae537	CRATE-PI-EDIT	crates/pi-edit/src/modes/sloppy/parse.rs	marker_lines_keep_indentation	ok
B-efd58ef320	CRATE-PI-EDIT	crates/pi-edit/src/modes/sloppy/parse.rs	xml_round_trip_to_ir	ok
B-c9ea202075	CRATE-PI-EDIT	crates/pi-edit/src/modes/sloppy/parse.rs	operation_payload_restores_inline_desired_text	ok
B-2b65c46ed8	CRATE-PI-EDIT	crates/pi-edit/src/notebook.rs	detects_notebook_paths_case_insensitively	ok
B-a45a3884d2	CRATE-PI-EDIT	crates/pi-edit/src/notebook.rs	splits_source_preserving_line_endings	ok
B-8e4192fbd2	CRATE-PI-EDIT	crates/pi-edit/src/notebook.rs	serializes_floats_like_javascript	ok
B-d4aac4c434	CRATE-PI-EDIT	crates/pi-edit/src/notebook.rs	golden_json_serialization_matches_bun	ok
B-3cb83bcb13	CRATE-PI-EDIT	crates/pi-edit/src/notebook.rs	unchanged_editable_round_trip_matches_golden	ok
B-358d862230	CRATE-PI-EDIT	crates/pi-edit/src/notebook.rs	marker_like_source_lines_are_escaped_and_restored	ok
B-7763db2041	CRATE-PI-EDIT	crates/pi-edit/src/notebook.rs	reuses_cells_and_preserves_outputs_metadata_and_key_order	ok
B-c973dff0d4	CRATE-PI-EDIT	crates/pi-edit/src/notebook.rs	duplicate_or_missing_indices_create_fresh_cells	ok
B-5b9fdc4b91	CRATE-PI-EDIT	crates/pi-edit/src/notebook.rs	absent_notebook_uses_empty_nbformat_45_document	ok
B-e3ed318ef5	CRATE-PI-EDIT	crates/pi-edit/src/notebook.rs	reports_validation_errors_verbatim	ok
B-30f334366c	CRATE-PI-EDIT	crates/pi-edit/src/path_policy.rs	unwraps_only_strict_hashline_headers	ok
B-6d74e8f362	CRATE-PI-EDIT	crates/pi-edit/src/path_policy.rs	resolves_plain_expanded_and_internal_paths	ok
B-be22d3feef	CRATE-PI-EDIT	crates/pi-edit/src/path_policy.rs	resolves_local_and_vault_roots_and_rejects_escape	ok
B-ef93fa18c8	CRATE-PI-EDIT	crates/pi-edit/src/path_policy.rs	plan_mode_allows_only_sandbox_updates	ok
B-67ce768423	CRATE-PI-EDIT	crates/pi-edit/src/path_policy.rs	recovers_one_suffix_but_not_ambiguous_suffixes	ok
B-7aa30c38aa	CRATE-PI-EDIT	crates/pi-edit/src/path_policy.rs	detects_generated_names_and_leading_comments_only	ok
B-327ccb6df1	CRATE-PI-EDIT	crates/pi-edit/src/path_policy.rs	canonicalizes_existing_parent	ok
B-6efd3f14b1	CRATE-PI-EDIT	crates/pi-edit/src/session.rs	trailing_removal_is_trimmed_while_streaming	ok
B-95fc1f460d	CRATE-PI-EDIT	crates/pi-edit/src/session.rs	snapshot_pruning_uses_combined_budget	ok
B-ac0913f8a4	CRATE-PI-EDIT	crates/pi-edit/src/store.rs	file_hash_matches_typescript	ok
B-5af484f608	CRATE-PI-EDIT	crates/pi-edit/src/store.rs	snapshots_deduplicate_promote_and_union_seen_lines	ok
B-85736e6dde	CRATE-PI-EDIT	crates/pi-edit/src/store.rs	version_and_lru_limits_are_enforced	ok
B-abcc0ba7ff	CRATE-PI-EDIT	crates/pi-edit/src/store.rs	total_limit_counts_utf16_units	ok
B-ae3f7afda5	CRATE-PI-EDIT	crates/pi-edit/src/store.rs	relocation_merges_and_rewrites_paths	ok
B-867e54f1ef	CRATE-PI-EDIT	crates/pi-edit/src/store.rs	parses_seen_line_boundaries_only	ok
B-111723be3d	CRATE-PI-EDIT	crates/pi-edit/src/store.rs	clipboard_batch_fork_and_commit_preserve_named_only	ok
B-ac70abbcfa	CRATE-PI-EDIT	crates/pi-edit/src/store.rs	noop_counter_resets_for_new_payload_and_commit	ok
B-fbc4a56559	CRATE-PI-EDIT	crates/pi-edit/src/store.rs	oversized_file_is_not_read	ok
B-2c7d648a94	CRATE-PI-EDIT	crates/pi-edit/src/stream_json.rs	repairs_partial_containers_and_dangling_members	ok
B-b4d404989e	CRATE-PI-EDIT	crates/pi-edit/src/stream_json.rs	decodes_growing_input_prefixes	ok
B-7fe8facba2	CRATE-PI-EDIT	crates/pi-edit/src/stream_json.rs	input_alias_and_precedence_match_wire_contract	ok
B-93697a7504	CRATE-PI-EDIT	crates/pi-edit/src/stream_json.rs	raw_input_is_verbatim	ok
B-ab49bf08c4	CRATE-PI-EDIT	crates/pi-edit/src/stream_json.rs	complete_tracks_strict_json_or_finished	ok
B-0c65d8f82a	CRATE-PI-EDIT	crates/pi-edit/src/stream_json.rs	marks_closed_edit_objects_from_original_text	ok
B-094625da5b	CRATE-PI-EDIT	crates/pi-edit/src/stream_json.rs	nested_objects_do_not_close_an_edit_early	ok
B-33f86cb6f9	CRATE-PI-EDIT	crates/pi-edit/src/stream_json.rs	arg_stream_accumulates_and_finishes	ok
B-eee1c22769	CRATE-PI-EDIT	crates/pi-edit/src/text.rs	line_ending_detection_prefers_first_terminator	ok
B-a866d2b165	CRATE-PI-EDIT	crates/pi-edit/src/text.rs	lf_normalization_round_trips	ok
B-bb51368399	CRATE-PI-EDIT	crates/pi-edit/src/text.rs	adjust_indentation_shifts_uniformly	ok
B-4e6dbc48d8	CRATE-PI-EDIT	crates/pi-edit/src/text.rs	adjust_indentation_converts_tabs_to_spaces	ok
B-2c40af3c65	CRATE-PI-EDIT	crates/pi-edit/src/text.rs	fuzzy_normalization_folds_punctuation	ok
B-41b25748d0	CRATE-PI-EDIT	crates/pi-edit/tests/apply_patch.rs	core_fixture_cases	ok
B-42a7cb7265	CRATE-PI-EDIT	crates/pi-edit/tests/apply_patch.rs	applies_all_21_portable_scenarios	ok
B-9ae02742e6	CRATE-PI-EDIT	crates/pi-edit/tests/apply_patch.rs	rejects_invalid_first_line	ok
B-6d5f15fb87	CRATE-PI-EDIT	crates/pi-edit/tests/apply_patch.rs	rejects_missing_end_marker	ok
B-ff2c8a40df	CRATE-PI-EDIT	crates/pi-edit/tests/apply_patch.rs	parses_add_file_with_whitespace_padded_markers	ok
B-87f486d6a2	CRATE-PI-EDIT	crates/pi-edit/tests/apply_patch.rs	rejects_empty_update_file_hunk	ok
B-217640a97f	CRATE-PI-EDIT	crates/pi-edit/tests/apply_patch.rs	parses_empty_patch	ok
B-cd7c949607	CRATE-PI-EDIT	crates/pi-edit/tests/apply_patch.rs	parses_full_patch_with_all_operations	ok
B-6ff5e4cfbe	CRATE-PI-EDIT	crates/pi-edit/tests/apply_patch.rs	parses_heredoc_wrapped_patch	ok
B-3aaec89e65	CRATE-PI-EDIT	crates/pi-edit/tests/apply_patch.rs	streaming_parser_tolerates_an_incomplete_update	ok
B-9edb7ae1b2	CRATE-PI-EDIT	crates/pi-edit/tests/apply_patch.rs	matcher_paths_entries_and_file_ops_follow_the_envelope	ok
B-11316ad473	CRATE-PI-EDIT	crates/pi-edit/tests/apply_patch.rs	streaming_preview_keeps_body_rows_in_input_order	ok
B-3f78709573	CRATE-PI-EDIT	crates/pi-edit/tests/apply_patch_parity.rs	patch_core_parity_fixtures	ok
B-8a8b22b2af	CRATE-PI-EDIT	crates/pi-edit/tests/apply_patch_parity.rs	patch_adversarial_parity_fixtures	ok
B-ed8f4fdb9e	CRATE-PI-EDIT	crates/pi-edit/tests/apply_patch_parity.rs	apply_patch_envelope_parity_fixtures	ok
B-1d483ad47d	CRATE-PI-EDIT	crates/pi-edit/tests/apply_patch_parity.rs	patch_regression_parity_fixtures	ok
B-e1e823487f	CRATE-PI-EDIT	crates/pi-edit/tests/apply_patch_parity.rs	line_number_anchor_regression	ok
B-a424594e90	CRATE-PI-EDIT	crates/pi-edit/tests/apply_patch_parity.rs	seek_sequence_parity	ok
B-7e4162eabd	CRATE-PI-EDIT	crates/pi-edit/tests/apply_patch_parity.rs	dry_run_preview_does_not_modify_files	ok
B-e58d8457d3	CRATE-PI-EDIT	crates/pi-edit/tests/apply_patch_parity.rs	parse_diff_hunks_parity	ok
B-71bff206eb	CRATE-PI-EDIT	crates/pi-edit/tests/apply_patch_parity.rs	production_apply_patch_parser_parity	ok
B-8cc4eeb4d2	CRATE-PI-EDIT	crates/pi-edit/tests/apply_patch_parity.rs	streaming_matcher_parity	ok
B-412a9b7d8c	CRATE-PI-EDIT	crates/pi-edit/tests/apply_patch_parity.rs	apply_patch_streaming_preview_parity	ok
B-58b9ebe6a8	CRATE-PI-EDIT	crates/pi-edit/tests/apply_patch_parity.rs	partial_json_edit_entries_parity	ok
B-0e19120d35	CRATE-PI-EDIT	crates/pi-edit/tests/apply_patch_parity.rs	streaming_parser_accepts_partial_envelope	ok
B-01e5f80213	CRATE-PI-EDIT	crates/pi-edit/tests/apply_patch_parity.rs	find_context_line_parity	ok
B-b299c58ac9	CRATE-PI-EDIT	crates/pi-edit/tests/apply_patch_parity.rs	patch_file_outcome_text_and_snapshot_parity	ok
B-a1bcaed97a	CRATE-PI-EDIT	crates/pi-edit/tests/apply_patch_parity.rs	oversized_patch_outcome_prunes_snapshots_but_keeps_diff	ok
B-7ddc6d7e3d	CRATE-PI-EDIT	crates/pi-edit/tests/apply_patch_parity.rs	multi_file_outcomes_prune_independently	ok
B-cc09bb81cb	CRATE-PI-EDIT	crates/pi-edit/tests/apply_patch_parity.rs	mixed_size_patch_entries_preserve_pruned_aggregate_shape	ok
B-2b8dad7f88	CRATE-PI-EDIT	crates/pi-edit/tests/hashline_apply.rs	inserts_before_after_head_and_tail	ok
B-48d48feb98	CRATE-PI-EDIT	crates/pi-edit/tests/hashline_apply.rs	ignores_a_delete_of_the_trailing_phantom_line	ok
B-f697f1febb	CRATE-PI-EDIT	crates/pi-edit/tests/hashline_apply.rs	rejects_an_out_of_bounds_anchor	ok
B-f663f9d9b4	CRATE-PI-EDIT	crates/pi-edit/tests/hashline_apply.rs	restores_a_uniformly_omitted_base_indent_from_unchanged_structural_rows	ok
B-29d439f167	CRATE-PI-EDIT	crates/pi-edit/tests/hashline_apply.rs	preserves_intentional_indentation_only_replacements	ok
B-94d79b4c41	CRATE-PI-EDIT	crates/pi-edit/tests/hashline_apply.rs	spares_the_deleted_closing_line_when_the_payload_omits_it	ok
B-32972b6fe5	CRATE-PI-EDIT	crates/pi-edit/tests/hashline_apply.rs	does_not_spare_a_deleted_closing_line_that_the_payload_restates	ok
B-93c6eecab0	CRATE-PI-EDIT	crates/pi-edit/tests/hashline_apply.rs	drops_duplicated_leading_and_trailing_boundary_lines_around_a_range_replacement	ok
B-e25bc1c99c	CRATE-PI-EDIT	crates/pi-edit/tests/hashline_apply.rs	rejects_a_leading_keeper_echo_when_the_payload_cannot_fill_the_widened_range	ok
B-0183c12534	CRATE-PI-EDIT	crates/pi-edit/tests/hashline_apply.rs	drops_a_trailing_attribute_echo_in_a_single_line_replacement	ok
B-80698bee5f	CRATE-PI-EDIT	crates/pi-edit/tests/hashline_apply.rs	keeps_a_trailing_statement_echo_literal_on_a_single_line_range	ok
B-069002ed79	CRATE-PI-EDIT	crates/pi-edit/tests/hashline_apply.rs	slides_a_shallower_body_past_the_closing_line_and_warns	ok
B-6e4cee9635	CRATE-PI-EDIT	crates/pi-edit/tests/hashline_apply.rs	crosses_multiple_closer_levels_and_stops_at_the_body_depth	ok
B-42bfe10fa2	CRATE-PI-EDIT	crates/pi-edit/tests/hashline_apply.rs	refuses_to_cross_a_line_targeted_by_another_hunk	ok
B-8fbff2ead9	CRATE-PI-EDIT	crates/pi-edit/tests/hashline_apply.rs	inward_block_landing_pulls_a_deeper_body_inside	ok
B-3ad397e1ff	CRATE-PI-EDIT	crates/pi-edit/tests/hashline_apply.rs	native_block_resolver_uses_real_syntax	ok
B-90733e2f23	CRATE-PI-EDIT	crates/pi-edit/tests/hashline_apply.rs	block_replace_lowers_to_replacement_inserts_and_deletes	ok
B-d67208731e	CRATE-PI-EDIT	crates/pi-edit/tests/hashline_apply.rs	unresolved_insert_after_block_lowers_and_warns	ok
B-a3a74285ba	CRATE-PI-EDIT	crates/pi-edit/tests/hashline_apply.rs	unresolved_block_replacement_reports_context	ok
B-47af0864df	CRATE-PI-EDIT	crates/pi-edit/tests/hashline_apply.rs	syntax_helpers_use_pi_ast	ok
B-34bc36dc53	CRATE-PI-EDIT	crates/pi-edit/tests/hashline_apply.rs	clipboard_cut_then_gap_paste_moves_lines	ok
B-249e145300	CRATE-PI-EDIT	crates/pi-edit/tests/hashline_apply.rs	repeated_anonymous_pastes_do_not_consume_the_clipboard	ok
B-71311d9df1	CRATE-PI-EDIT	crates/pi-edit/tests/hashline_apply.rs	named_registers_swap_two_regions	ok
B-ba0768d154	CRATE-PI-EDIT	crates/pi-edit/tests/hashline_apply.rs	named_register_gap_paste_warns_and_does_nothing_when_empty	ok
B-9446017e99	CRATE-PI-EDIT	crates/pi-edit/tests/hashline_apply.rs	empty_named_span_paste_is_rejected	ok
B-5b90ae8e6d	CRATE-PI-EDIT	crates/pi-edit/tests/hashline_apply.rs	ambiguous_anonymous_paste_is_rejected	ok
B-51037da97d	CRATE-PI-EDIT	crates/pi-edit/tests/hashline_apply.rs	empty_paste_drop_removes_the_incomplete_preview_op	ok
B-611e06963c	CRATE-PI-EDIT	crates/pi-edit/tests/hashline_apply.rs	recovery_remaps_a_uniform_line_shift	ok
B-23a5182f04	CRATE-PI-EDIT	crates/pi-edit/tests/hashline_apply.rs	recovery_rejects_a_changed_anchor	ok
B-6c1e800e55	CRATE-PI-EDIT	crates/pi-edit/tests/hashline_apply.rs	recovery_replays_unchanged_anchor_onto_current_session_text	ok
B-763eb208a7	CRATE-PI-EDIT	crates/pi-edit/tests/hashline_apply.rs	recovery_remaps_after_a_prior_deletion	ok
B-2cab0b899c	CRATE-PI-EDIT	crates/pi-edit/tests/hashline_apply.rs	recovery_refuses_an_isolated_unique_line_without_neighbor_offset	ok
B-21887e4897	CRATE-PI-EDIT	crates/pi-edit/tests/hashline_apply.rs	recovery_remaps_duplicate_range_when_context_matches	ok
B-e4401a99d3	CRATE-PI-EDIT	crates/pi-edit/tests/hashline_apply.rs	recovery_uses_the_most_recent_snapshot_when_tags_collide	ok
B-76b1c19d3a	CRATE-PI-EDIT	crates/pi-edit/tests/hashline_apply.rs	recovery_rejects_ambiguous_duplicate_anchor_context	ok
B-7db0f804d6	CRATE-PI-EDIT	crates/pi-edit/tests/hashline_parity.rs	legacy_parser_and_applier_cases_match_byte_for_byte	ok
B-ffd517276e	CRATE-PI-EDIT	crates/pi-edit/tests/hashline_parity.rs	compact_diff_preview_matches_all_diff_preview_cases	ok
B-36767ec8de	CRATE-PI-EDIT	crates/pi-edit/tests/hashline_parity.rs	snapshot_store_matches_snapshot_contract_cases	ok
B-fb84a41bc3	CRATE-PI-EDIT	crates/pi-edit/tests/hashline_parity.rs	pure_format_input_and_streaming_contracts_cover_uncaptured_cases	ok
B-92396335be	CRATE-PI-EDIT	crates/pi-edit/tests/hashline_parity.rs	hashline_inspection_matches_streaming_matcher_cases	ok
B-991ef79c6d	CRATE-PI-EDIT	crates/pi-edit/tests/hashline_parity.rs	noop_loop_guard_matches_all_session_cases	ok
B-098226f197	CRATE-PI-EDIT	crates/pi-edit/tests/hashline_parity.rs	coding_agent_hashline_executor_cases_run_through_session	ok
B-09461ea0c2	CRATE-PI-EDIT	crates/pi-edit/tests/hashline_parity.rs	block_replace_cases_resolve_syntax_end_to_end	ok
B-1d0f01fa77	CRATE-PI-EDIT	crates/pi-edit/tests/hashline_parity.rs	seen_line_guard_rejects_hidden_anchors_and_accepts_seen_anchors	ok
B-74909ead6a	CRATE-PI-EDIT	crates/pi-edit/tests/hashline_parity.rs	hashline_streaming_preview_cases_preserve_partial_and_final_contracts	ok
B-5b6e037b76	CRATE-PI-EDIT	crates/pi-edit/tests/hashline_parse.rs	formats_hashline_v4_rows_and_headers	ok
B-73c5e3480b	CRATE-PI-EDIT	crates/pi-edit/tests/hashline_parse.rs	tokenizer_recognizes_headers_ops_payloads_and_envelope	ok
B-ace4afee64	CRATE-PI-EDIT	crates/pi-edit/tests/hashline_parse.rs	tokenizer_streams_crlf_and_final_lines	ok
B-5222cb7ffb	CRATE-PI-EDIT	crates/pi-edit/tests/hashline_parse.rs	parses_lids_and_rejects_unsafe_values	ok
B-979bf333a6	CRATE-PI-EDIT	crates/pi-edit/tests/hashline_parse.rs	parses_literal_replace_in_textual_order	ok
B-a8b13fea23	CRATE-PI-EDIT	crates/pi-edit/tests/hashline_parse.rs	accepts_lenient_range_separators_and_dangling_ranges	ok
B-b290e11b6d	CRATE-PI-EDIT	crates/pi-edit/tests/hashline_parse.rs	parses_all_gap_and_block_targets	ok
B-edc80f4746	CRATE-PI-EDIT	crates/pi-edit/tests/hashline_parse.rs	parses_cut_clipboard_and_register_pastes	ok
B-4000730297	CRATE-PI-EDIT	crates/pi-edit/tests/hashline_parse.rs	rejects_body_rows_for_bodyless_ops	ok
B-32583713f1	CRATE-PI-EDIT	crates/pi-edit/tests/hashline_parse.rs	empty_put_deletes_but_empty_insert_is_rejected	ok
B-a9f2339dc9	CRATE-PI-EDIT	crates/pi-edit/tests/hashline_parse.rs	reports_invalid_absolute_ranges_and_limits	ok
B-c21f6454c1	CRATE-PI-EDIT	crates/pi-edit/tests/hashline_parse.rs	recovers_bare_snapshot_rows_and_rejects_duplicates	ok
B-aacd7e05c4	CRATE-PI-EDIT	crates/pi-edit/tests/hashline_parse.rs	bare_body_prefix_stripping_is_uniform_and_single_pass	ok
B-f3dc470172	CRATE-PI-EDIT	crates/pi-edit/tests/hashline_parse.rs	preserves_numeric_keyed_bodies	ok
B-13f04d876e	CRATE-PI-EDIT	crates/pi-edit/tests/hashline_parse.rs	handles_minus_rows_and_markdown_bullets	ok
B-0d8bfca3a6	CRATE-PI-EDIT	crates/pi-edit/tests/hashline_parse.rs	warns_when_literal_payload_is_an_op	ok
B-bf48277c3d	CRATE-PI-EDIT	crates/pi-edit/tests/hashline_parse.rs	rejects_contaminated_patch_syntax	ok
B-22a96e6fb6	CRATE-PI-EDIT	crates/pi-edit/tests/hashline_parse.rs	recovers_bare_range_header_as_implicit_put	ok
B-045f262812	CRATE-PI-EDIT	crates/pi-edit/tests/hashline_parse.rs	ignores_copied_read_elisions	ok
B-a1154812a2	CRATE-PI-EDIT	crates/pi-edit/tests/hashline_parse.rs	accepts_harmless_cut_colon_with_warning	ok
B-f6227fc675	CRATE-PI-EDIT	crates/pi-edit/tests/hashline_parse.rs	cut_supersedes_placeholder_put_on_exact_range	ok
B-fcac83d270	CRATE-PI-EDIT	crates/pi-edit/tests/hashline_parse.rs	preserves_explicit_and_interior_blank_payload_rows	ok
B-5154c72281	CRATE-PI-EDIT	crates/pi-edit/tests/hashline_parse.rs	drops_trailing_bare_blank_before_next_hunk	ok
B-ad9d588901	CRATE-PI-EDIT	crates/pi-edit/tests/hashline_parse.rs	abort_terminates_parser_without_warning	ok
B-f16f74947d	CRATE-PI-EDIT	crates/pi-edit/tests/hashline_parse.rs	abort_stops_input_before_later_sections	ok
B-60e8f72969	CRATE-PI-EDIT	crates/pi-edit/tests/hashline_parse.rs	removed_del_and_copy_headers_are_orphan_rows	ok
B-8728cb0be3	CRATE-PI-EDIT	crates/pi-edit/tests/hashline_parse.rs	detects_and_coalesces_overlapping_hunks	ok
B-ba93d5b685	CRATE-PI-EDIT	crates/pi-edit/tests/hashline_parse.rs	streaming_drops_incomplete_empty_body_but_keeps_bodyless_ops	ok
B-aa86628527	CRATE-PI-EDIT	crates/pi-edit/tests/hashline_parse.rs	parses_file_ops_and_rejects_invalid_combinations	ok
B-691f07c894	CRATE-PI-EDIT	crates/pi-edit/tests/hashline_parse.rs	input_splits_sections_and_normalizes_tags	ok
B-4453ca2787	CRATE-PI-EDIT	crates/pi-edit/tests/hashline_parse.rs	input_recovers_apply_patch_header_noise_and_spaces	ok
B-599fb801eb	CRATE-PI-EDIT	crates/pi-edit/tests/hashline_parse.rs	input_recovers_headers_nested_in_apply_patch_envelope_markers	ok
B-89eb6bdf61	CRATE-PI-EDIT	crates/pi-edit/tests/hashline_parse.rs	input_rejects_multi_group_headers_instead_of_inventing_a_path	ok
B-2f5f64923f	CRATE-PI-EDIT	crates/pi-edit/tests/hashline_parse.rs	input_rejects_malformed_tags_and_missing_headers	ok
B-62bf7c8011	CRATE-PI-EDIT	crates/pi-edit/tests/hashline_parse.rs	input_supports_fallback_path_and_absolute_paths_in_cwd	ok
B-61b9f0c951	CRATE-PI-EDIT	crates/pi-edit/tests/hashline_parse.rs	input_merges_same_path_sections_and_conflicting_tags_fail	ok
B-2a4f5826c9	CRATE-PI-EDIT	crates/pi-edit/tests/hashline_parse.rs	section_reports_anchor_scope_and_sorted_lines	ok
B-130923362a	CRATE-PI-EDIT	crates/pi-edit/tests/hashline_parse.rs	prefix_helpers_strip_read_and_diff_shapes	ok
B-49b55f5224	CRATE-PI-EDIT	crates/pi-edit/tests/hashline_parse.rs	prefix_helpers_leave_mixed_content_unchanged	ok
B-b0f3c6c5d6	CRATE-PI-EDIT	crates/pi-edit/tests/hashline_parse.rs	mismatch_messages_distinguish_stale_and_unrecognized_hashes	ok
B-6657b5b6e9	CRATE-PI-EDIT	crates/pi-edit/tests/hashline_parse.rs	recognizes_operations_and_emits_canonical_labels	ok
B-f99333cd36	CRATE-PI-EDIT	crates/pi-edit/tests/hashline_patcher.rs	patcher_apply_cases	ok
B-aa57c94913	CRATE-PI-EDIT	crates/pi-edit/tests/hashline_patcher.rs	matcher_paths_accept_partial_sections_and_header_noise	ok
B-e0e9915ad7	CRATE-PI-EDIT	crates/pi-edit/tests/hashline_patcher.rs	no_op_diagnostics_preserve_model_guidance	ok
B-083a3bc268	CRATE-PI-EDIT	crates/pi-edit/tests/hashline_patcher.rs	identical_noop_escalates_on_third_attempt	ok
B-1128663921	CRATE-PI-EDIT	crates/pi-edit/tests/hashline_patcher.rs	streaming_preview_keeps_completed_section_when_trailing_header_arrives	ok
B-e1b08c1d85	CRATE-PI-EDIT	crates/pi-edit/tests/hashline_patcher.rs	completed_preview_surfaces_stale_hash_error	ok
B-b2cc951769	CRATE-PI-EDIT	crates/pi-edit/tests/patch.rs	patch_core_fixtures	ok
B-60c0a44b93	CRATE-PI-EDIT	crates/pi-edit/tests/patch.rs	matcher_digest_uses_added_lines_and_whole_create_content	ok
B-8f59ef720d	CRATE-PI-EDIT	crates/pi-edit/tests/patch.rs	streaming_preview_drops_an_unclosed_first_entry	ok
B-7680234f84	CRATE-PI-EDIT	crates/pi-edit/tests/replace.rs	replace_core_fixtures	ok
B-11e43b4bcb	CRATE-PI-EDIT	crates/pi-edit/tests/replace.rs	replace_old_text_new_text_and_rendered_preview	ok
B-34002b5a25	CRATE-PI-EDIT	crates/pi-edit/tests/replace.rs	prunes_old_text_new_text_while_keeping_diff	ok
B-772c2c13f1	CRATE-PI-EDIT	crates/pi-edit/tests/replace.rs	applies_cursor_batch_sequentially_with_one_aggregate_diff	ok
B-6c8f2bac5a	CRATE-PI-EDIT	crates/pi-edit/tests/replace.rs	cursor_batch_failure_stages_nothing	ok
B-f8d40e2b88	CRATE-PI-EDIT	crates/pi-edit/tests/replace.rs	replace_matcher_entries_use_top_level_path_and_new_string	ok
B-b7e52964b0	CRATE-PI-EDIT	crates/pi-edit/tests/replace.rs	replace_matcher_omits_incomplete_entries	ok
B-828f6e2b33	CRATE-PI-EDIT	crates/pi-edit/tests/replace.rs	streaming_preview_waits_until_new_string_is_present	ok
B-ac0964e598	CRATE-PI-EDIT	crates/pi-edit/tests/replace.rs	preview_uses_compute_edit_diff_error_strings	ok
B-72fd327049	CRATE-PI-EDIT	crates/pi-edit/tests/replace_parity.rs	replace_executor_parity_fixtures	ok
B-15664ae208	CRATE-PI-EDIT	crates/pi-edit/tests/replace_parity.rs	returns_empty_for_no_match	ok
B-dfb82a54ab	CRATE-PI-EDIT	crates/pi-edit/tests/replace_parity.rs	reports_fuzzy_matches_count_when_multiple_above_threshold	ok
B-7519dcbcfc	CRATE-PI-EDIT	crates/pi-edit/tests/replace_parity.rs	preserves_empty_lines	ok
B-03bde5b2c5	CRATE-PI-EDIT	crates/pi-edit/tests/replace_parity.rs	uses_tab_from_actual_text_when_adding_indentation	ok
B-0ebe5749a6	CRATE-PI-EDIT	crates/pi-edit/tests/replace_parity.rs	handles_mixed_content_with_different_indent_levels	ok
B-99567c8a56	CRATE-PI-EDIT	crates/pi-edit/tests/replace_parity.rs	does_not_go_negative_on_removal	ok
B-96a50cd97b	CRATE-PI-EDIT	crates/pi-edit/tests/replace_parity.rs	resolves_parent_targets_outside_cwd	ok
B-c7ef8d59cd	CRATE-PI-EDIT	crates/pi-edit/tests/replace_parity.rs	preserves_absolute_targets_outside_cwd	ok
B-007d3a4867	CRATE-PI-EDIT	crates/pi-edit/tests/replace_parity.rs	expands_home_targets_outside_cwd	ok
B-f0561d1a6b	CRATE-PI-EDIT	crates/pi-edit/tests/replace_parity.rs	canonical_snapshot_key_returns_input_when_no_ancestor_exists	ok
B-c2c3e78f87	CRATE-PI-EDIT	crates/pi-edit/tests/replace_parity.rs	canonical_snapshot_keys_fuse_symlink_equivalent_paths	ok
B-34b9cc75b1	CRATE-PI-EDIT	crates/pi-edit/tests/session.rs	streamed_sloppy_previews_grow_and_match_apply	ok
B-3ab9d7cd31	CRATE-PI-EDIT	crates/pi-edit/tests/session.rs	multi_file_failure_stages_nothing	ok
B-d91e98ed60	CRATE-PI-EDIT	crates/pi-edit/tests/session.rs	apply_rereads_files_changed_after_preview	ok
B-41ba64000c	CRATE-PI-EDIT	crates/pi-edit/tests/session.rs	writer_failure_is_surfaced_verbatim	ok
B-22e991961a	CRATE-PI-EDIT	crates/pi-edit/tests/session.rs	plan_mode_rejects_working_tree_writes_before_writing	ok
B-3298f6ae9c	CRATE-PI-EDIT	crates/pi-edit/tests/session.rs	result_text_uses_compact_preview_and_header	ok
B-088029ae09	CRATE-PI-EDIT	crates/pi-edit/tests/sloppy.rs	apply_fixtures	ok
B-9afb22ccf3	CRATE-PI-EDIT	crates/pi-edit/tests/sloppy.rs	correctly_maps_source_spans_across_multi_byte_astral_characters_emoji	ok
B-df92630a5e	CRATE-PI-EDIT	crates/pi-edit/tests/sloppy.rs	escalates_the_third_identical_no_op_with_stop_guidance	ok
B-6838371275	CRATE-PI-EDIT	crates/pi-edit/tests/sloppy.rs	returns_a_diff_for_an_applicable_section_and_an_error_for_a_miss	ok
B-5db725396d	CRATE-PI-EDIT	crates/pi-edit/tests/sloppy.rs	inspect_exposes_matcher_paths_and_entries	ok
B-f16ab8458b	CRATE-PI-EDIT	crates/pi-edit/tests/sloppy.rs	missing_file_target_uses_the_taught_opener	ok
B-61f84a719f	CRATE-PI-EDIT	crates/pi-edit/tests/sloppy_parse.rs	reads_sm_edit_openers_natively_a_bare_sm_edit_continuing_in_the_same_file	ok
B-951116e9d2	CRATE-PI-EDIT	crates/pi-edit/tests/sloppy_parse.rs	splits_sections_from_a_payload_wrapped_in_a_patch_envelope	ok
B-41234d5c98	CRATE-PI-EDIT	crates/pi-edit/tests/sloppy_parse.rs	trims_whitespace_inside_the_path_attribute	ok
B-c1bdd3031c	CRATE-PI-EDIT	crates/pi-edit/tests/sloppy_parse.rs	extracts_an_inline_payload_region_without_swallowing_surrounding_prose	ok
B-642c96c482	CRATE-PI-EDIT	crates/pi-edit/tests/sloppy_parse.rs	ends_an_inline_region_at_trailing_prose_even_without_a_close	ok
B-357acc36d9	CRATE-PI-EDIT	crates/pi-edit/tests/sloppy_parse.rs	extracts_disjoint_inline_regions_with_narration_between_them	ok
B-a2aaca27ad	CRATE-PI-EDIT	crates/pi-edit/tests/sloppy_parse.rs	ignores_a_payload_quoted_inside_a_markdown_code_fence	ok
B-580d8b286c	CRATE-PI-EDIT	crates/pi-edit/tests/sloppy_parse.rs	drops_an_inline_region_that_compiles_to_no_sections	ok
B-6076ecb759	CRATE-PI-EDIT	crates/pi-edit/tests/sloppy_parse.rs	reports_utf16_offsets_for_inline_regions_after_non_bmp_text	ok
B-3aae88f6bd	CRATE-PI-EDIT	crates/pi-edit/tests/sloppy_parse.rs	split_sloppy_sections_splits_a_payload_into_per_file_sections	ok
B-2236ee3802	CRATE-PI-EDIT	crates/pi-edit/tests/sloppy_parse.rs	split_sloppy_sections_merges_repeated_sections_for_the_same_file_in_order	ok
B-7253f1ad27	CRATE-PI-EDIT	crates/pi-edit/tests/sloppy_parse.rs	split_sloppy_sections_keeps_tag_looking_content_lines_inside_their_operation	ok
B-0f10dc56b1	CRATE-PI-EDIT	crates/pi-edit/tests/sloppy_parse.rs	split_sloppy_sections_returns_empty_for_a_payload_without_a_leading_header	ok
B-b7af8f5d20	CRATE-PI-EDIT	crates/pi-edit/tests/sloppy_parse.rs	tag_surface_leniency_supports_implicit_find_put_all_and_inline_tags	ok
B-845b63884c	CRATE-PI-EDIT	crates/pi-edit/tests/sloppy_parse.rs	envelope_noise_stripping_discards_commentary_until_the_next_opener	ok
B-ccd96f7410	CRATE-PI-EDIT	crates/pi-edit/tests/sloppy_parse.rs	returns_the_complete_atomic_payload_when_an_operation_lacks_sm_put	ok
B-586f942f7e	CRATE-PI-EDIT	crates/pi-edit/tests/sloppy_parse.rs	hands_back_a_fill_in_skeleton_for_a_truncated_register_rewrite_without_echoing_the_broken_payload	ok
B-b425c6de61	CRATE-PI-EDIT	crates/pi-edit/tests/sloppy_parse.rs	rejects_a_numbered_opener_and_names_the_two_valid_openers	ok
B-c0f18abe4e	CRATE-PI-EDIT	crates/pi-edit/tests/sloppy_parse.rs	rejects_malformed_marker_envelopes_at_parse_time	ok
B-ee11ad7577	CRATE-PI-EDIT	crates/pi-edit/tests/sloppy_parse.rs	does_not_split_a_register_reference_glued_to_extra_content	ok
B-d10b959e41	CRATE-PI-EDIT	crates/pi-edit/tests/sloppy_parse.rs	rejects_self_forward_and_match_register_references	ok
B-c5aad25ca3	CRATE-PI-EDIT	crates/pi-edit/tests/sloppy_parse.rs	normalizes_markdown_fences_patch_envelopes_and_leading_blanks	ok
B-8648a9e348	CRATE-PI-EDIT	crates/pi-edit/tests/sloppy_parse.rs	drops_a_text_block_the_payload_fully_occupied_leaving_only_the_region	ok
B-a44c937c40	CRATE-PI-EDIT	crates/pi-edit/tests/sloppy_parse.rs	parses_marker_add_runs_as_inline_insertions_without_consuming_the_next_anchor_twice	ok
B-9e5fcbd024	CRATE-PI-EDIT	crates/pi-edit/tests/sloppy_parse.rs	recovers_a_rewrite_written_as_a_selection_directive_list	ok
B-1b8dd352ce	CRATE-PI-EDIT	crates/pi-edit/tests/sloppy_parse.rs	recovers_a_stray_close_typed_as_an_inline_divider	ok
B-fccd78673f	CRATE-PI-EDIT	crates/pi-edit/tests/sloppy_parse.rs	auto_splits_a_uniquely_matching_match_prefix_from_an_omitted_separator	ok
B-39b24331cf	CRATE-PI-EDIT	crates/pi-edit/tests/sloppy_parse.rs	recovers_guillemets_used_as_brackets_around_old_and_new_blocks	ok
B-92f002862e	CRATE-PI-EDIT	crates/pi-edit/tests/sloppy_parse.rs	ir_to_xml_preserves_operation_boundaries_and_all	ok
